id,first_name,last_name,email,gender
1,Westleigh,Sheivels,wsheivels0@xinhuanet.com,Male
2,Magda,Farfull,mfarfull1@bbc.co.uk,Female
3,Nelly,Caughey,ncaughey2@hexun.com,Female
4,Gothart,Fried,gfried3@illinois.edu,Male
5,Winfield,Blundel,wblundel4@facebook.com,Male
6,Caldwell,Pehrsson,cpehrsson5@youtu.be,Male
7,Flory,Rutland,frutland6@reverbnation.com,Female
8,Billie,Luckwell,bluckwell7@virginia.edu,Female
9,Phil,Dimblebee,pdimblebee8@multiply.com,Male
10,Brigham,Rosenau,brosenau9@hexun.com,Bigender
11,Esteban,Dewicke,edewickea@nba.com,Male
12,Conway,Cornels,ccornelsb@tripadvisor.com,Male
13,Noby,Welfair,nwelfairc@yandex.ru,Male
14,Kenneth,Peake,kpeaked@vkontakte.ru,Male
15,Martyn,Hinder,mhindere@friendfeed.com,Male
16,Cosme,Maruszewski,cmaruszewskif@flavors.me,Male
17,Lula,McGeoch,lmcgeochg@mail.ru,Female
18,Kele,Hake,khakeh@china.com.cn,Male
19,Buck,Ward,bwardi@forbes.com,Male
20,Gwenette,Gottschalk,ggottschalkj@ning.com,Female
21,Ardys,Cobley,acobleyk@chronoengine.com,Female
22,Norma,Dick,ndickl@theatlantic.com,Female
23,Tommi,Peteri,tpeterim@acquirethisname.com,Female
24,Rosene,Pegram,rpegramn@lulu.com,Agender
25,Edd,Varah,evaraho@github.io,Male
26,Carolan,MacLeese,cmacleesep@comsenz.com,Female
27,Andrey,Skaife,askaifeq@google.it,Male
28,Petunia,Dewbury,pdewburyr@google.co.jp,Female
29,Arlie,Baford,abafords@mozilla.org,Genderfluid
30,Gale,Wildbore,gwildboret@arizona.edu,Male
31,Gustavus,McGilroy,gmcgilroyu@odnoklassniki.ru,Male
32,Micky,Blessed,mblessedv@meetup.com,Female
33,Knox,Bonnier,kbonnierw@mlb.com,Male
34,Kelsy,Pinkie,kpinkiex@examiner.com,Female
35,Gerda,Warmington,gwarmingtony@dell.com,Female
36,Sayre,Wynn,swynnz@amazon.co.jp,Male
37,Ariella,Tezure,atezure10@princeton.edu,Female
38,Cairistiona,Cinelli,ccinelli11@foxnews.com,Female
39,Alejandro,Ugoletti,augoletti12@army.mil,Male
40,Judye,Fasey,jfasey13@tmall.com,Female
41,Wayland,Rootham,wrootham14@goo.ne.jp,Male
42,Nicola,Mozzetti,nmozzetti15@about.com,Female
43,Marlee,Attride,mattride16@clickbank.net,Female
44,Kaine,Dahmel,kdahmel17@howstuffworks.com,Male
45,Abbe,Clearley,aclearley18@weebly.com,Female
46,Siusan,Heers,sheers19@sbwire.com,Female
47,Randi,Voller,rvoller1a@stumbleupon.com,Female
48,Ailene,Isaac,aisaac1b@scribd.com,Female
49,Pembroke,Degoy,pdegoy1c@dagondesign.com,Genderfluid
50,Celina,Bucky,cbucky1d@cyberchimps.com,Female
51,Sophey,Aikin,saikin1e@wikimedia.org,Female
52,Margi,Adds,madds1f@tiny.cc,Female
53,Ira,Locke,ilocke1g@storify.com,Non-binary
54,Tilly,Crosher,tcrosher1h@nasa.gov,Female
55,Wilhelm,Joss,wjoss1i@yandex.ru,Male
56,Cloris,Mineghelli,cmineghelli1j@admin.ch,Female
57,Amalea,Fauning,afauning1k@mac.com,Female
58,Dora,Aveline,daveline1l@tinypic.com,Female
59,Robinet,Wagner,rwagner1m@booking.com,Male
60,Danny,Angelo,dangelo1n@xinhuanet.com,Male
61,Thia,Applewhite,tapplewhite1o@barnesandnoble.com,Female
62,Huey,Maxwale,hmaxwale1p@ted.com,Male
63,Berne,Dallon,bdallon1q@bloomberg.com,Agender
64,Maximilien,Fellow,mfellow1r@webs.com,Male
65,Sofie,Girauld,sgirauld1s@i2i.jp,Female
66,Nicol,Powe,npowe1t@springer.com,Female
67,Queenie,Dingivan,qdingivan1u@loc.gov,Female
68,Aura,Barneveld,abarneveld1v@prweb.com,Female
69,Winnie,Riccione,wriccione1w@ibm.com,Female
70,Clemmie,Scrowston,cscrowston1x@cnet.com,Female
71,Lorilee,Prescot,lprescot1y@sohu.com,Female
72,Izak,Fairbourn,ifairbourn1z@harvard.edu,Male
73,Evered,Coker,ecoker20@miibeian.gov.cn,Male
74,Garek,MacTeague,gmacteague21@wisc.edu,Male
75,Tova,Quarmby,tquarmby22@blog.com,Female
76,Giavani,Cribbin,gcribbin23@wisc.edu,Male
77,Feodor,Trumble,ftrumble24@ameblo.jp,Genderfluid
78,Enoch,Farncombe,efarncombe25@flavors.me,Male
79,Erskine,Tynemouth,etynemouth26@harvard.edu,Male
80,Elysia,Arrigo,earrigo27@foxnews.com,Female
81,Sherill,Borer,sborer28@wordpress.org,Female
82,Goldia,Hofton,ghofton29@smugmug.com,Female
83,Artemus,Vader,avader2a@twitpic.com,Male
84,Brandi,Carlucci,bcarlucci2b@businessweek.com,Female
85,Laurel,Lochet,llochet2c@tumblr.com,Female
86,Tommy,Noye,tnoye2d@topsy.com,Female
87,Killie,Dineges,kdineges2e@pbs.org,Male
88,Herbie,Craik,hcraik2f@msu.edu,Male
89,Lilia,Kirwan,lkirwan2g@nifty.com,Female
90,Marj,Tillard,mtillard2h@mac.com,Female
91,Tanner,Harse,tharse2i@blogs.com,Male
92,Wendye,Danson,wdanson2j@yandex.ru,Female
93,Maurine,Abbett,mabbett2k@clickbank.net,Female
94,Luciana,Cleevely,lcleevely2l@artisteer.com,Female
95,Otto,Wragg,owragg2m@bloomberg.com,Male
96,Menard,Randerson,mranderson2n@parallels.com,Male
97,Seth,De Cleen,sdecleen2o@exblog.jp,Male
98,Veronike,Hawtry,vhawtry2p@ebay.co.uk,Female
99,Alfons,Chantrell,achantrell2q@tripod.com,Male
100,Kitti,Heffron,kheffron2r@xinhuanet.com,Female
101,Barty,Daldry,bdaldry2s@dell.com,Male
102,Eda,De Michetti,edemichetti2t@reverbnation.com,Female
103,Abbot,Aizic,aaizic2u@ft.com,Male
104,Giraldo,Monckman,gmonckman2v@clickbank.net,Male
105,Woodie,Simonnet,wsimonnet2w@xrea.com,Male
106,Jim,Breckon,jbreckon2x@cisco.com,Male
107,Dasya,Sterzaker,dsterzaker2y@adobe.com,Female
108,Shoshana,Gordon-Giles,sgordongiles2z@hibu.com,Female
109,Ora,Flott,oflott30@soundcloud.com,Female
110,Karin,Farrington,kfarrington31@umn.edu,Female
111,Tony,Coldtart,tcoldtart32@unc.edu,Female
112,Aldin,Ugoletti,augoletti33@marriott.com,Male
113,Eugenio,Featherbie,efeatherbie34@cloudflare.com,Male
114,Carissa,Gracey,cgracey35@dion.ne.jp,Female
115,Dion,Layfield,dlayfield36@mapquest.com,Female
116,Lutero,Jonsson,ljonsson37@thetimes.co.uk,Male
117,Emera,Pease,epease38@skyrock.com,Female
118,Lucho,Ragot,lragot39@furl.net,Male
119,Maje,Cleverly,mcleverly3a@techcrunch.com,Male
120,Aila,Fever,afever3b@google.de,Female
121,Wynny,Duiguid,wduiguid3c@paypal.com,Female
122,Florence,Fassman,ffassman3d@cargocollective.com,Female
123,Muffin,Shrieves,mshrieves3e@unblog.fr,Female
124,Pearla,Ogborne,pogborne3f@soup.io,Female
125,Haze,Goning,hgoning3g@cpanel.net,Male
126,Kiri,Peart,kpeart3h@blogs.com,Female
127,Natty,Leacock,nleacock3i@ocn.ne.jp,Female
128,August,Pryor,apryor3j@weather.com,Male
129,Somerset,Wadhams,swadhams3k@cnbc.com,Male
130,Marietta,Libermore,mlibermore3l@meetup.com,Male
131,Angy,Baytrop,abaytrop3m@about.me,Female
132,Dewie,Kinneally,dkinneally3n@wiley.com,Male
133,Lorie,Grinley,lgrinley3o@over-blog.com,Female
134,Thorsten,Kane,tkane3p@ameblo.jp,Male
135,Tadd,Becom,tbecom3q@163.com,Genderfluid
136,Mildrid,Frostdyke,mfrostdyke3r@virginia.edu,Female
137,Rozamond,Rushsorth,rrushsorth3s@telegraph.co.uk,Female
138,Fairleigh,Blonden,fblonden3t@sun.com,Male
139,Roddie,Ciementini,rciementini3u@google.ca,Male
140,Blanca,Dew,bdew3v@studiopress.com,Female
141,Tamera,Sallings,tsallings3w@nsw.gov.au,Female
142,Claudio,Blanchet,cblanchet3x@prlog.org,Male
143,Giuseppe,Dyas,gdyas3y@xrea.com,Male
144,Essa,Halwood,ehalwood3z@w3.org,Genderfluid
145,Elka,Broke,ebroke40@cbsnews.com,Female
146,Elysia,Witherby,ewitherby41@csmonitor.com,Female
147,Jessalin,Rysdale,jrysdale42@yolasite.com,Female
148,Ario,Harmour,aharmour43@wsj.com,Male
149,Pru,Apdell,papdell44@theguardian.com,Female
150,Parnell,Plackstone,pplackstone45@eventbrite.com,Male
151,Odelle,Tyzack,otyzack46@vkontakte.ru,Female
152,Kile,Kinnie,kkinnie47@cpanel.net,Male
153,Jimmie,Ericssen,jericssen48@chronoengine.com,Male
154,Barnabe,Durward,bdurward49@go.com,Male
155,Baxter,Gresch,bgresch4a@archive.org,Male
156,Sheppard,Monni,smonni4b@mozilla.com,Polygender
157,Sherman,Kimberley,skimberley4c@fotki.com,Male
158,Carma,Tittletross,ctittletross4d@ox.ac.uk,Female
159,Ben,Muzzollo,bmuzzollo4e@washington.edu,Male
160,Carlee,Aspy,caspy4f@ted.com,Polygender
161,Karina,Kensit,kkensit4g@163.com,Non-binary
162,Carlos,Floyd,cfloyd4h@cpanel.net,Male
163,Langston,Ciccerale,lciccerale4i@angelfire.com,Male
164,Lesley,McCulloch,lmcculloch4j@google.co.uk,Female
165,Adella,Crozier,acrozier4k@ft.com,Female
166,Ynes,Yakushkev,yyakushkev4l@state.tx.us,Female
167,Rana,Cocke,rcocke4m@mashable.com,Female
168,Mendie,Janc,mjanc4n@studiopress.com,Male
169,Jose,Mayers,jmayers4o@apache.org,Male
170,Jule,Janiszewski,jjaniszewski4p@sciencedirect.com,Male
171,Gwendolyn,Mattea,gmattea4q@livejournal.com,Female
172,Coletta,Merritt,cmerritt4r@exblog.jp,Female
173,Babbie,Corona,bcorona4s@whitehouse.gov,Female
174,Anthea,Wickman,awickman4t@privacy.gov.au,Female
175,Welsh,Krammer,wkrammer4u@privacy.gov.au,Male
176,Brietta,Roark,broark4v@multiply.com,Female
177,Trefor,Horsefield,thorsefield4w@nhs.uk,Male
178,Delia,Fullerlove,dfullerlove4x@nymag.com,Agender
179,Estelle,Dodding,edodding4y@msu.edu,Genderfluid
180,Lettie,Spackman,lspackman4z@usgs.gov,Polygender
181,Julius,Cranmer,jcranmer50@privacy.gov.au,Male
182,Calv,Leydon,cleydon51@whitehouse.gov,Male
183,Felipe,De Ath,fdeath52@dedecms.com,Male
184,Harper,Nabarro,hnabarro53@cornell.edu,Male
185,Aleece,Bantham,abantham54@typepad.com,Female
186,Clovis,Durning,cdurning55@woothemes.com,Female
187,Godfree,Swain,gswain56@pen.io,Male
188,Winny,Matignon,wmatignon57@redcross.org,Male
189,Pattin,Jacobovitch,pjacobovitch58@ftc.gov,Male
190,Darrelle,Ruddock,druddock59@cnet.com,Female
191,Frazier,Pizzey,fpizzey5a@umn.edu,Polygender
192,Jens,Sanderson,jsanderson5b@zdnet.com,Male
193,Katharyn,Szabo,kszabo5c@ustream.tv,Female
194,Garold,Drust,gdrust5d@newsvine.com,Male
195,Byrann,Peirazzi,bpeirazzi5e@sogou.com,Male
196,Doralynne,Thay,dthay5f@utexas.edu,Polygender
197,Conrade,Conkey,cconkey5g@mapy.cz,Male
198,Devi,Burchett,dburchett5h@360.cn,Female
199,Jehanna,Filipputti,jfilipputti5i@tiny.cc,Female
200,Oralla,Chansonnau,ochansonnau5j@indiatimes.com,Female
201,Jessica,McBay,jmcbay5k@github.com,Female
202,Harley,Kopps,hkopps5l@a8.net,Male
203,Jerrie,Hurll,jhurll5m@wp.com,Male
204,Drucy,Iwaszkiewicz,diwaszkiewicz5n@goodreads.com,Female
205,Stephan,Klulik,sklulik5o@zimbio.com,Male
206,Amber,Possell,apossell5p@arstechnica.com,Female
207,Anatola,Wigfield,awigfield5q@paginegialle.it,Female
208,Shirleen,Couling,scouling5r@etsy.com,Female
209,Clark,Yurkevich,cyurkevich5s@cocolog-nifty.com,Male
210,Merlina,Sheppard,msheppard5t@histats.com,Female
211,Denny,Dadson,ddadson5u@omniture.com,Male
212,Clio,Monson,cmonson5v@mtv.com,Bigender
213,Lian,Ofener,lofener5w@deliciousdays.com,Bigender
214,Nappy,Bysshe,nbysshe5x@youtube.com,Male
215,Tabb,Reggio,treggio5y@dell.com,Male
216,Bartholomew,Koubu,bkoubu5z@last.fm,Male
217,Edgardo,Saltern,esaltern60@wired.com,Male
218,Catina,Fruchon,cfruchon61@nymag.com,Female
219,Nora,Sreenan,nsreenan62@surveymonkey.com,Female
220,Donny,Rosbrough,drosbrough63@51.la,Female
221,Shane,Lyons,slyons64@smugmug.com,Male
222,Gard,Eliassen,geliassen65@tinypic.com,Male
223,Fayre,Jeynes,fjeynes66@tripadvisor.com,Female
224,Giffard,Marshland,gmarshland67@shinystat.com,Male
225,Ash,Reucastle,areucastle68@squidoo.com,Male
226,Way,Reddle,wreddle69@ucoz.com,Male
227,Cory,Berzon,cberzon6a@jimdo.com,Bigender
228,Domenic,Blowes,dblowes6b@usda.gov,Male
229,Samuel,MacAllester,smacallester6c@uiuc.edu,Male
230,Broddie,Straker,bstraker6d@addthis.com,Male
231,Sylvia,Tie,stie6e@elegantthemes.com,Female
232,Claudie,Coale,ccoale6f@google.fr,Genderqueer
233,Dewain,Deaville,ddeaville6g@un.org,Male
234,Sidnee,Swinyard,sswinyard6h@w3.org,Male
235,Wilmar,Muckeen,wmuckeen6i@ifeng.com,Male
236,Aldridge,Murname,amurname6j@vistaprint.com,Male
237,Reinold,Casey,rcasey6k@csmonitor.com,Agender
238,Didi,Silver,dsilver6l@sciencedirect.com,Female
239,Dimitri,Siebert,dsiebert6m@desdev.cn,Male
240,Carlen,McGeraghty,cmcgeraghty6n@nbcnews.com,Female
241,Dallas,Schofield,dschofield6o@imgur.com,Male
242,Jerrie,Haggata,jhaggata6p@nba.com,Male
243,Shalna,Kupker,skupker6q@rediff.com,Genderfluid
244,Addy,Voase,avoase6r@prlog.org,Male
245,Flint,Pelosi,fpelosi6s@163.com,Male
246,Enrique,Rowth,erowth6t@imageshack.us,Male
247,Lawry,Maxfield,lmaxfield6u@canalblog.com,Male
248,Rosetta,Robertson,rrobertson6v@shareasale.com,Female
249,Cathie,Allanby,callanby6w@wunderground.com,Female
250,Andrey,Woodstock,awoodstock6x@webeden.co.uk,Male
251,Lainey,Jansik,ljansik6y@themeforest.net,Female
252,Pennie,Bullene,pbullene6z@technorati.com,Female
253,Lauree,Wellbank,lwellbank70@nih.gov,Female
254,Ronnie,Hadwick,rhadwick71@cdc.gov,Male
255,Jimmie,Flaherty,jflaherty72@cargocollective.com,Male
256,Jeffie,Brussell,jbrussell73@boston.com,Male
257,Arielle,Gregorace,agregorace74@nymag.com,Female
258,Aurora,Brimham,abrimham75@icq.com,Female
259,Pris,Edser,pedser76@rakuten.co.jp,Female
260,Robby,Freckleton,rfreckleton77@reverbnation.com,Female
261,Sasha,Ishchenko,sishchenko78@behance.net,Female
262,Silvano,Stanbury,sstanbury79@elegantthemes.com,Male
263,Silvain,O' Dornan,sodornan7a@nationalgeographic.com,Male
264,Carmencita,Izakov,cizakov7b@sciencedirect.com,Female
265,Waldo,Way,wway7c@sitemeter.com,Polygender
266,Bron,Angood,bangood7d@reddit.com,Non-binary
267,Bentley,Meah,bmeah7e@a8.net,Male
268,Hilly,Lorek,hlorek7f@illinois.edu,Male
269,Mira,Stear,mstear7g@sciencedaily.com,Female
270,Barbaraanne,Blaschek,bblaschek7h@yolasite.com,Female
271,Margi,Laite,mlaite7i@independent.co.uk,Female
272,Lorna,Gianullo,lgianullo7j@csmonitor.com,Female
273,Erma,Dimbleby,edimbleby7k@shinystat.com,Female
274,Babb,Melsom,bmelsom7l@ask.com,Female
275,Jessika,Whiterod,jwhiterod7m@nasa.gov,Genderfluid
276,Falkner,Menis,fmenis7n@homestead.com,Male
277,Lizbeth,Onn,lonn7o@lycos.com,Female
278,Colby,Thomtson,cthomtson7p@cocolog-nifty.com,Male
279,Austen,Midner,amidner7q@chron.com,Non-binary
280,Dolly,De La Coste,ddelacoste7r@timesonline.co.uk,Female
281,Meade,Fudger,mfudger7s@cpanel.net,Female
282,Tresa,Whiteway,twhiteway7t@nbcnews.com,Female
283,Lin,Shotboulte,lshotboulte7u@dropbox.com,Male
284,Aksel,Bloxholm,abloxholm7v@bandcamp.com,Male
285,Claude,Dore,cdore7w@over-blog.com,Female
286,Patrizio,Berryman,pberryman7x@surveymonkey.com,Male
287,Dulci,MacDearmid,dmacdearmid7y@go.com,Female
288,Emmye,Farren,efarren7z@cam.ac.uk,Female
289,Evan,Cuckson,ecuckson80@diigo.com,Male
290,Nonie,Woodger,nwoodger81@parallels.com,Female
291,Noellyn,Quarterman,nquarterman82@constantcontact.com,Female
292,Ethelyn,Puckett,epuckett83@about.com,Female
293,Myrwyn,Offell,moffell84@freewebs.com,Male
294,Demott,Crabtree,dcrabtree85@hugedomains.com,Male
295,Enrico,Batt,ebatt86@ted.com,Male
296,Herve,Weavill,hweavill87@vinaora.com,Male
297,Reece,Pandey,rpandey88@hexun.com,Male
298,Hurleigh,Nuttey,hnuttey89@senate.gov,Male
299,Rubin,Huffey,rhuffey8a@opensource.org,Male
300,Hanan,Hafner,hhafner8b@unesco.org,Male
301,Marice,Wardley,mwardley8c@deliciousdays.com,Polygender
302,Inga,Lidierth,ilidierth8d@posterous.com,Female
303,Hillier,Gianiello,hgianiello8e@usa.gov,Bigender
304,Cyndy,Micallef,cmicallef8f@blogger.com,Female
305,Melba,Flaubert,mflaubert8g@state.tx.us,Female
306,Iris,Strete,istrete8h@infoseek.co.jp,Female
307,Alyce,Siggins,asiggins8i@tmall.com,Female
308,Quinn,Casoni,qcasoni8j@etsy.com,Male
309,Etan,Feavyour,efeavyour8k@edublogs.org,Male
310,Loni,Boissier,lboissier8l@bluehost.com,Female
311,Shelby,Duester,sduester8m@marriott.com,Male
312,Eamon,Madsen,emadsen8n@scribd.com,Male
313,Grata,Barenski,gbarenski8o@dailymail.co.uk,Female
314,Merna,Billingham,mbillingham8p@ucsd.edu,Female
315,Bordy,Ikringill,bikringill8q@telegraph.co.uk,Male
316,Jamal,Fitzpayn,jfitzpayn8r@1688.com,Male
317,Logan,Mechem,lmechem8s@aboutads.info,Polygender
318,Camille,Wink,cwink8t@washington.edu,Female
319,Charis,Skeemer,cskeemer8u@answers.com,Genderfluid
320,Madelena,Redemile,mredemile8v@howstuffworks.com,Female
321,Nigel,Stapleton,nstapleton8w@blogspot.com,Male
322,Savina,Norcross,snorcross8x@exblog.jp,Female
323,Lilah,Roberts,lroberts8y@ftc.gov,Female
324,Jaymee,Haymes,jhaymes8z@prnewswire.com,Genderqueer
325,Jaclin,Tippler,jtippler90@google.com,Female
326,Sasha,Arboin,sarboin91@ucla.edu,Male
327,Emelia,Dahl,edahl92@fema.gov,Female
328,Roxanne,Clarke-Williams,rclarkewilliams93@weibo.com,Female
329,Mason,Audritt,maudritt94@pbs.org,Male
330,Edythe,Islip,eislip95@tiny.cc,Female
331,Elwyn,Basterfield,ebasterfield96@live.com,Male
332,Mathias,Carlo,mcarlo97@moonfruit.com,Male
333,Robinette,Kupker,rkupker98@google.nl,Female
334,Devlen,Lenahan,dlenahan99@ifeng.com,Male
335,Park,Diggles,pdiggles9a@adobe.com,Male
336,Kristoforo,Tethcote,ktethcote9b@vk.com,Male
337,Rupert,Millsom,rmillsom9c@icio.us,Male
338,Zeb,Cleever,zcleever9d@wunderground.com,Male
339,Dwain,Norsworthy,dnorsworthy9e@cpanel.net,Male
340,Abelard,Poland,apoland9f@reuters.com,Male
341,Guido,Jorio,gjorio9g@ycombinator.com,Male
342,Fernando,Leek,fleek9h@samsung.com,Male
343,Cos,Glandfield,cglandfield9i@ocn.ne.jp,Male
344,Durant,Linbohm,dlinbohm9j@twitpic.com,Male
345,Jaquenette,Kiss,jkiss9k@cnn.com,Female
346,Ber,Riba,briba9l@etsy.com,Male
347,Dorelle,Fallawe,dfallawe9m@icio.us,Female
348,Whitby,Stringman,wstringman9n@berkeley.edu,Male
349,Herminia,Aitkin,haitkin9o@hhs.gov,Female
350,Pavia,Rugiero,prugiero9p@t.co,Non-binary
351,Philly,Earney,pearney9q@oakley.com,Non-binary
352,Christiano,Kirsopp,ckirsopp9r@tuttocitta.it,Male
353,Terrill,Meriot,tmeriot9s@google.ru,Male
354,Melvyn,Cotton,mcotton9t@dell.com,Non-binary
355,Ramona,Guiraud,rguiraud9u@usgs.gov,Female
356,Sylvia,MacIlwrick,smacilwrick9v@shutterfly.com,Female
357,Garland,Frontczak,gfrontczak9w@soup.io,Female
358,Alic,Loyley,aloyley9x@macromedia.com,Male
359,Odille,Clutterbuck,oclutterbuck9y@google.pl,Female
360,Stanly,Woodgate,swoodgate9z@bbc.co.uk,Male
361,Orlando,Colliver,ocollivera0@ihg.com,Male
362,Ailis,Dowall,adowalla1@yellowpages.com,Female
363,Cassondra,Raccio,craccioa2@weather.com,Female
364,Annmarie,Dibson,adibsona3@qq.com,Female
365,Tanny,Rosenzwig,trosenzwiga4@unesco.org,Male
366,Stacy,Rawnsley,srawnsleya5@redcross.org,Male
367,Bernice,Overpool,boverpoola6@epa.gov,Female
368,Loralyn,Degoy,ldegoya7@pinterest.com,Female
369,Wainwright,Dowding,wdowdinga8@google.cn,Male
370,Katine,Itscowicz,kitscowicza9@hc360.com,Female
371,Mayer,Carnow,mcarnowaa@g.co,Bigender
372,Leela,McTerrelly,lmcterrellyab@lulu.com,Female
373,Lia,Shemmin,lshemminac@ebay.co.uk,Female
374,Meryl,Connar,mconnarad@sohu.com,Female
375,Durante,Rowlinson,drowlinsonae@wikia.com,Male
376,Roman,Erington,reringtonaf@cbc.ca,Male
377,Cinderella,Ternault,cternaultag@usgs.gov,Female
378,Giustina,Everleigh,geverleighah@stanford.edu,Female
379,Aleta,Beathem,abeathemai@utexas.edu,Female
380,Emelen,Newbold,enewboldaj@bloomberg.com,Male
381,Traci,Copeman,tcopemanak@digg.com,Female
382,Morgan,Medling,mmedlingal@jalbum.net,Female
383,Riannon,Branford,rbranfordam@nytimes.com,Female
384,Kippy,Daout,kdaoutan@1und1.de,Female
385,Oran,Albinson,oalbinsonao@myspace.com,Genderfluid
386,Noak,Keyden,nkeydenap@ihg.com,Male
387,Milly,Borgars,mborgarsaq@qq.com,Female
388,Netty,Jeannard,njeannardar@nationalgeographic.com,Female
389,Darill,Spring,dspringas@globo.com,Male
390,Renate,de Courcy,rdecourcyat@jugem.jp,Female
391,Adan,Cohane,acohaneau@forbes.com,Female
392,Glori,Garry,ggarryav@ycombinator.com,Female
393,Virginie,Bradnum,vbradnumaw@shinystat.com,Female
394,Lynnelle,Blogg,lbloggax@skype.com,Female
395,Arin,Spellworth,aspellworthay@google.co.jp,Male
396,Orelie,Jozwiak,ojozwiakaz@networksolutions.com,Female
397,Erick,Ascroft,eascroftb0@mapy.cz,Male
398,Lavinia,Nevinson,lnevinsonb1@usda.gov,Female
399,Donnajean,Horbart,dhorbartb2@loc.gov,Female
400,Bonnibelle,Parvin,bparvinb3@salon.com,Female
401,Lissy,Oulner,loulnerb4@webmd.com,Female
402,Faustine,Mullis,fmullisb5@paginegialle.it,Female
403,Alvin,Fairn,afairnb6@omniture.com,Male
404,Guilbert,Boughen,gboughenb7@dailymail.co.uk,Agender
405,Julissa,Vannini,jvanninib8@fda.gov,Non-binary
406,Gasper,Brislen,gbrislenb9@bbc.co.uk,Genderfluid
407,Karine,Males,kmalesba@taobao.com,Female
408,Myrle,Willatts,mwillattsbb@yale.edu,Female
409,Pen,Djekovic,pdjekovicbc@goodreads.com,Female
410,Gaye,Tigwell,gtigwellbd@ox.ac.uk,Female
411,Quentin,Brychan,qbrychanbe@imgur.com,Male
412,Helena,Moylan,hmoylanbf@theatlantic.com,Female
413,Fawnia,Fawckner,ffawcknerbg@fc2.com,Female
414,Royall,Baudrey,rbaudreybh@amazon.co.uk,Polygender
415,Talyah,Syrad,tsyradbi@nytimes.com,Female
416,Prissie,Vinsen,pvinsenbj@cargocollective.com,Female
417,Tammara,O'Leahy,toleahybk@utexas.edu,Female
418,Elke,Scotting,escottingbl@icio.us,Female
419,Rosalinde,Bessell,rbessellbm@arstechnica.com,Female
420,Bondy,Ody,bodybn@accuweather.com,Male
421,Ddene,Gatlin,dgatlinbo@wordpress.org,Female
422,Adrienne,Malin,amalinbp@hugedomains.com,Female
423,Bennie,Makin,bmakinbq@csmonitor.com,Male
424,Tresa,Woodes,twoodesbr@wired.com,Female
425,Cammie,Millington,cmillingtonbs@si.edu,Female
426,Mal,Winsbury,mwinsburybt@a8.net,Male
427,Ilsa,Eastwell,ieastwellbu@domainmarket.com,Female
428,Louisa,Le Batteur,llebatteurbv@netvibes.com,Female
429,Halsey,Balam,hbalambw@pinterest.com,Male
430,Deloria,Stivens,dstivensbx@barnesandnoble.com,Female
431,Cassondra,Murphy,cmurphyby@hostgator.com,Female
432,Monti,Viggers,mviggersbz@blinklist.com,Polygender
433,Lyndel,Bould,lbouldc0@illinois.edu,Female
434,Emelita,Jecock,ejecockc1@ebay.com,Female
435,Kip,Meuse,kmeusec2@walmart.com,Male
436,Edsel,Aronoff,earonoffc3@fc2.com,Male
437,Elsworth,Taggert,etaggertc4@vimeo.com,Male
438,Tybi,Beggini,tbegginic5@latimes.com,Female
439,Reamonn,Annets,rannetsc6@163.com,Male
440,Diahann,Prettyjohns,dprettyjohnsc7@hhs.gov,Female
441,Lauryn,Challis,lchallisc8@nyu.edu,Female
442,Halette,MacQuaker,hmacquakerc9@mediafire.com,Female
443,Roby,Mensler,rmenslerca@intel.com,Genderqueer
444,Marchelle,Rielly,mriellycb@twitter.com,Female
445,Koressa,Ivanitsa,kivanitsacc@privacy.gov.au,Female
446,Bryant,Harkins,bharkinscd@boston.com,Male
447,Baird,Isson,bissonce@ycombinator.com,Male
448,Mirna,Tangye,mtangyecf@a8.net,Female
449,Page,Chalder,pchaldercg@cisco.com,Male
450,Rafael,Rosenstengel,rrosenstengelch@upenn.edu,Male
451,Putnam,Gettone,pgettoneci@foxnews.com,Male
452,Danna,Kristufek,dkristufekcj@vistaprint.com,Female
453,Nathanil,Earey,neareyck@latimes.com,Male
454,Kirsten,Caveau,kcaveaucl@typepad.com,Female
455,Hagen,Kondrat,hkondratcm@instagram.com,Male
456,Arlin,Swinburn,aswinburncn@soup.io,Male
457,Lotti,Borres,lborresco@skyrock.com,Female
458,Flinn,Wrankling,fwranklingcp@canalblog.com,Male
459,Aharon,Barnby,abarnbycq@e-recht24.de,Bigender
460,Oren,Hansana,ohansanacr@princeton.edu,Male
461,Cameron,Bernholt,cbernholtcs@whitehouse.gov,Male
462,Tiphani,Phippard,tphippardct@ucla.edu,Female
463,Addison,Timms,atimmscu@qq.com,Male
464,Rozele,Bridewell,rbridewellcv@goodreads.com,Female
465,Phillipe,Putten,pputtencw@gravatar.com,Male
466,Garvey,Lugard,glugardcx@netscape.com,Male
467,Erich,Cluatt,ecluattcy@google.nl,Male
468,Maressa,Hulstrom,mhulstromcz@dmoz.org,Female
469,Pacorro,Kisbey,pkisbeyd0@gravatar.com,Male
470,Rad,Pallent,rpallentd1@eventbrite.com,Male
471,Launce,Stainton,lstaintond2@biblegateway.com,Male
472,Mia,Wentworth,mwentworthd3@soup.io,Female
473,Dulcinea,Sinderson,dsindersond4@opensource.org,Female
474,Basilius,Woodhams,bwoodhamsd5@hc360.com,Male
475,Seumas,Botham,sbothamd6@a8.net,Male
476,Bernadine,Bandy,bbandyd7@w3.org,Female
477,Pooh,Malser,pmalserd8@ox.ac.uk,Male
478,Erastus,Comber,ecomberd9@intel.com,Male
479,Guenevere,Pady,gpadyda@imgur.com,Female
480,Jacinthe,Laughren,jlaughrendb@hud.gov,Female
481,Prissie,Plinck,pplinckdc@techcrunch.com,Female
482,Syd,Di Meo,sdimeodd@vk.com,Male
483,Petronella,Slatter,pslatterde@hatena.ne.jp,Genderqueer
484,Christine,Harkus,charkusdf@nymag.com,Female
485,Kienan,Bavage,kbavagedg@addtoany.com,Bigender
486,Chadd,Goodred,cgoodreddh@theglobeandmail.com,Male
487,Melodie,Giggs,mgiggsdi@deviantart.com,Female
488,Ermentrude,Venard,evenarddj@ed.gov,Female
489,Warner,Cobbold,wcobbolddk@wufoo.com,Male
490,Shawna,Anthill,santhilldl@aol.com,Female
491,Susette,Adamovitz,sadamovitzdm@posterous.com,Genderqueer
492,Sarajane,Musprat,smuspratdn@drupal.org,Non-binary
493,Pen,Lorentzen,plorentzendo@un.org,Male
494,Virgie,O' Concannon,voconcannondp@prweb.com,Male
495,Adolphe,Fey,afeydq@soundcloud.com,Polygender
496,Jeana,Meaker,jmeakerdr@hugedomains.com,Female
497,Jordon,Seth,jsethds@163.com,Polygender
498,Lance,Pearcey,lpearceydt@harvard.edu,Male
499,Stefanie,Seagar,sseagardu@abc.net.au,Bigender
500,Haley,Cawthron,hcawthrondv@dot.gov,Male
501,Gabi,Tadlow,gtadlowdw@whitehouse.gov,Female
502,Vanna,Brugemann,vbrugemanndx@blog.com,Female
503,Finley,Farthing,ffarthingdy@craigslist.org,Male
504,Tabby,Blais,tblaisdz@macromedia.com,Male
505,Cahra,Elwin,celwine0@sun.com,Female
506,Isidoro,Pethrick,ipethricke1@earthlink.net,Male
507,Kyle,Torr,ktorre2@usa.gov,Male
508,Ardelis,Nelane,anelanee3@ihg.com,Female
509,Herc,Bolles,hbollese4@vistaprint.com,Male
510,Chandler,Lavall,clavalle5@theatlantic.com,Male
511,Robinson,Dumblton,rdumbltone6@usnews.com,Male
512,Damon,Bris,dbrise7@timesonline.co.uk,Genderfluid
513,Fabio,Harfleet,fharfleete8@reverbnation.com,Male
514,Wendell,Dougal,wdougale9@house.gov,Non-binary
515,Roselia,Mohammad,rmohammadea@dion.ne.jp,Polygender
516,Granville,Bradnum,gbradnumeb@chronoengine.com,Male
517,Vernon,Blinde,vblindeec@yellowpages.com,Male
518,Stanislas,Gristwood,sgristwooded@walmart.com,Male
519,Georgeanne,Wilshaw,gwilshawee@reference.com,Female
520,Kaylil,MacSkeagan,kmacskeaganef@fema.gov,Female
521,Dion,Duncklee,ddunckleeeg@nba.com,Male
522,Corinne,Konerding,ckonerdingeh@vk.com,Female
523,Claretta,Haton,chatonei@accuweather.com,Female
524,Meredith,Crecy,mcrecyej@wordpress.com,Genderqueer
525,Jannelle,Vizard,jvizardek@upenn.edu,Female
526,Lorrie,Coleby,lcolebyel@liveinternet.ru,Female
527,Josephine,Cathcart,jcathcartem@wordpress.com,Female
528,Beau,Dunsire,bdunsireen@discovery.com,Male
529,Carr,Feary,cfearyeo@studiopress.com,Male
530,Eddie,Napper,enapperep@army.mil,Male
531,Yvor,Malyon,ymalyoneq@nyu.edu,Male
532,Larine,Lasham,llashamer@google.com,Female
533,Constantine,Ollerhad,collerhades@yale.edu,Male
534,Gregory,Shave,gshaveet@mozilla.org,Male
535,Clark,Sigart,csigarteu@google.de,Male
536,Annalise,Reddish,areddishev@discovery.com,Genderqueer
537,Gearard,Hartwell,ghartwellew@gravatar.com,Male
538,Shara,Cowdroy,scowdroyex@dailymail.co.uk,Female
539,Tracie,O'Loughlin,toloughliney@g.co,Male
540,Alexandre,Yandell,ayandellez@geocities.jp,Male
541,Zebulon,Bartlomiejczyk,zbartlomiejczykf0@live.com,Male
542,Bev,Spiteri,bspiterif1@nasa.gov,Bigender
543,Rena,Vater,rvaterf2@bloglines.com,Female
544,Meryl,Rowaszkiewicz,mrowaszkiewiczf3@photobucket.com,Female
545,Tabbie,Restorick,trestorickf4@google.it,Female
546,Alistair,Urry,aurryf5@ebay.co.uk,Male
547,Elvina,Morigan,emoriganf6@comsenz.com,Agender
548,Reube,Nattrass,rnattrassf7@imageshack.us,Male
549,Anna-diana,Costin,acostinf8@mapquest.com,Female
550,Alexandrina,Gayforth,agayforthf9@google.com,Female
551,Alyssa,Georgelin,ageorgelinfa@quantcast.com,Female
552,Enoch,Wardell,ewardellfb@is.gd,Male
553,Donni,Ambridge,dambridgefc@psu.edu,Female
554,Rebekkah,Levay,rlevayfd@cyberchimps.com,Female
555,Wilbur,Bembrigg,wbembriggfe@un.org,Male
556,Darby,Gibbins,dgibbinsff@utexas.edu,Male
557,Jemima,Goodisson,jgoodissonfg@flavors.me,Female
558,Lynnett,Cusworth,lcusworthfh@e-recht24.de,Female
559,Clem,Boult,cboultfi@plala.or.jp,Male
560,Esteban,Note,enotefj@foxnews.com,Male
561,Orren,Smithers,osmithersfk@unesco.org,Male
562,Hyacinthia,Cromer,hcromerfl@apache.org,Female
563,Bronny,Renon,brenonfm@bing.com,Male
564,Sergio,Stebbing,sstebbingfn@rambler.ru,Male
565,Anabel,Ratcliffe,aratcliffefo@bbb.org,Female
566,Elana,Steers,esteersfp@salon.com,Female
567,Donal,Fulcher,dfulcherfq@foxnews.com,Genderqueer
568,Gianina,De Francesco,gdefrancescofr@wp.com,Female
569,Pammie,Regnard,pregnardfs@hao123.com,Female
570,Nan,Antonikov,nantonikovft@yolasite.com,Female
571,Rea,Filippello,rfilippellofu@jalbum.net,Female
572,Sonnie,Baruch,sbaruchfv@nymag.com,Female
573,Caron,Baff,cbafffw@nydailynews.com,Female
574,Briggs,Neagle,bneaglefx@sogou.com,Male
575,Millard,Stare,mstarefy@auda.org.au,Male
576,Chandra,Llewelyn,cllewelynfz@plala.or.jp,Female
577,Merrielle,Hullah,mhullahg0@wix.com,Female
578,Fredric,Prestie,fprestieg1@last.fm,Male
579,Herve,Hoyte,hhoyteg2@eepurl.com,Male
580,Fiorenze,Merrill,fmerrillg3@icq.com,Female
581,Ezmeralda,Angell,eangellg4@bandcamp.com,Female
582,Laetitia,Jaan,ljaang5@youtube.com,Female
583,Vasily,Menault,vmenaultg6@php.net,Male
584,Worth,Lippiett,wlippiettg7@ca.gov,Male
585,Dore,Jelfs,djelfsg8@mediafire.com,Male
586,Maximilianus,Cunningham,mcunninghamg9@tamu.edu,Male
587,Dulsea,Colson,dcolsonga@amazon.co.jp,Female
588,Bealle,Roscamp,broscampgb@boston.com,Male
589,Eldon,Carnachen,ecarnachengc@reference.com,Male
590,Burton,Housego,bhousegogd@bravesites.com,Male
591,Jarrod,Worsell,jworsellge@ihg.com,Male
592,Carleton,McClancy,cmcclancygf@thetimes.co.uk,Male
593,Humfrey,Gallahue,hgallahuegg@twitpic.com,Male
594,Demetris,Vela,dvelagh@springer.com,Non-binary
595,Nial,Piggin,npiggingi@house.gov,Male
596,Myca,Barefoot,mbarefootgj@addtoany.com,Male
597,Korey,Rosevear,kroseveargk@nps.gov,Male
598,Jakob,Mityukov,jmityukovgl@xing.com,Male
599,Gwenni,Del Dello,gdeldellogm@dropbox.com,Female
600,Katya,Renney,krenneygn@reddit.com,Female
601,Ade,Gascar,agascargo@blogs.com,Male
602,Nickolas,Weatherall,nweatherallgp@ycombinator.com,Male
603,Kip,Gladwell,kgladwellgq@abc.net.au,Female
604,Aile,Templeton,atempletongr@hp.com,Female
605,Harriette,Evers,heversgs@ustream.tv,Female
606,Birk,Kilmister,bkilmistergt@surveymonkey.com,Male
607,Tandy,Stolberger,tstolbergergu@netvibes.com,Female
608,Prescott,Dalbey,pdalbeygv@nsw.gov.au,Male
609,Claudius,Binford,cbinfordgw@chron.com,Male
610,Sonnie,Tompkiss,stompkissgx@slashdot.org,Polygender
611,Niko,Boyn,nboyngy@goo.gl,Male
612,Edgard,Vernham,evernhamgz@fotki.com,Male
613,Genni,Kubec,gkubech0@bloglovin.com,Genderfluid
614,Inigo,Berk,iberkh1@blogspot.com,Male
615,Carr,Witherspoon,cwitherspoonh2@ucoz.com,Genderfluid
616,Malory,Mayow,mmayowh3@sogou.com,Female
617,Colas,Giannini,cgianninih4@free.fr,Male
618,Noach,Shingfield,nshingfieldh5@nature.com,Male
619,Germain,Deetch,gdeetchh6@ftc.gov,Male
620,Clyde,Roland,crolandh7@disqus.com,Male
621,Far,Ruddell,fruddellh8@mac.com,Male
622,Jobye,Ringrose,jringroseh9@nsw.gov.au,Female
623,Prissie,Stanworth,pstanworthha@trellian.com,Female
624,Glenda,Catonnet,gcatonnethb@irs.gov,Female
625,Gillan,Mascall,gmascallhc@artisteer.com,Female
626,Waylin,Maass,wmaasshd@go.com,Male
627,Hyacinthie,Goodsir,hgoodsirhe@macromedia.com,Female
628,Laetitia,Furney,lfurneyhf@cmu.edu,Female
629,Teodor,Waddup,twadduphg@issuu.com,Male
630,Rem,Chessor,rchessorhh@vinaora.com,Male
631,Alfonso,Billison,abillisonhi@unicef.org,Male
632,Gloriana,Buffham,gbuffhamhj@msu.edu,Female
633,Arvie,Fleckno,aflecknohk@hud.gov,Male
634,Harri,Thickin,hthickinhl@sohu.com,Female
635,Ruddie,Mertgen,rmertgenhm@360.cn,Male
636,Jack,Jouaneton,jjouanetonhn@topsy.com,Male
637,Antoine,Billingham,abillinghamho@jalbum.net,Male
638,Rayner,Do Rosario,rdorosariohp@hugedomains.com,Male
639,Tessa,MacMenamie,tmacmenamiehq@free.fr,Female
640,Gardy,Kinzett,gkinzetthr@mashable.com,Male
641,Ros,Errichiello,rerrichiellohs@intel.com,Female
642,Marcela,Belchambers,mbelchambersht@pinterest.com,Female
643,Omar,Janeczek,ojaneczekhu@oaic.gov.au,Male
644,Cooper,Althorp,calthorphv@shinystat.com,Male
645,Nicolai,Lowder,nlowderhw@github.com,Genderfluid
646,Staford,Howley,showleyhx@prlog.org,Male
647,Meade,Elstub,melstubhy@auda.org.au,Female
648,Jonathon,Gooder,jgooderhz@domainmarket.com,Male
649,Sybilla,Alanbrooke,salanbrookei0@seattletimes.com,Bigender
650,Amandie,Burdfield,aburdfieldi1@amazon.co.jp,Female
651,Mitchell,Whitington,mwhitingtoni2@nih.gov,Male
652,Obadiah,Stimson,ostimsoni3@howstuffworks.com,Male
653,Angelica,Lorait,aloraiti4@wisc.edu,Female
654,Elysia,Dinsey,edinseyi5@shareasale.com,Female
655,Hortense,Dallicott,hdallicotti6@shop-pro.jp,Female
656,Skipp,L' Estrange,slestrangei7@infoseek.co.jp,Male
657,Rebecca,Poulsom,rpoulsomi8@123-reg.co.uk,Female
658,Arri,Desporte,adesportei9@mapy.cz,Genderfluid
659,Loydie,Breitling,lbreitlingia@godaddy.com,Bigender
660,Cary,Lovejoy,clovejoyib@hugedomains.com,Male
661,Daloris,Ruckhard,druckhardic@cbsnews.com,Female
662,Dyna,Slocombe,dslocombeid@mapquest.com,Female
663,Kenna,Puddin,kpuddinie@tripadvisor.com,Female
664,Liana,Lorraway,llorrawayif@liveinternet.ru,Female
665,Mac,Norssister,mnorssisterig@alibaba.com,Male
666,Olav,Core,ocoreih@pagesperso-orange.fr,Male
667,Caitrin,Siddens,csiddensii@cloudflare.com,Female
668,Liana,Berrisford,lberrisfordij@springer.com,Female
669,Lemmie,Gillings,lgillingsik@amazon.com,Male
670,Janka,Aiskrigg,jaiskriggil@tuttocitta.it,Female
671,Carmelia,Fones,cfonesim@bbc.co.uk,Female
672,Ardine,Roome,aroomein@loc.gov,Polygender
673,Zechariah,Ridhole,zridholeio@illinois.edu,Male
674,Bartholemy,Prudence,bprudenceip@apache.org,Male
675,Arvin,Noye,anoyeiq@edublogs.org,Genderqueer
676,Raviv,Bateson,rbatesonir@miibeian.gov.cn,Male
677,Hunt,Hollerin,hhollerinis@studiopress.com,Genderfluid
678,Odelia,Suddick,osuddickit@mayoclinic.com,Female
679,Raff,Hellcat,rhellcatiu@engadget.com,Male
680,Miguel,Kirkness,mkirknessiv@photobucket.com,Male
681,Adair,Hillaby,ahillabyiw@storify.com,Male
682,Gabi,Chinge de Hals,gchingedehalsix@alexa.com,Female
683,Roma,Lemmon,rlemmoniy@nsw.gov.au,Male
684,Sibella,Bellwood,sbellwoodiz@scientificamerican.com,Female
685,Roxanna,Huntall,rhuntallj0@mit.edu,Female
686,Carolus,Borgne,cborgnej1@360.cn,Male
687,Cooper,Ortiga,cortigaj2@abc.net.au,Male
688,Daniella,Lehmann,dlehmannj3@netvibes.com,Female
689,Brianne,Mulvaney,bmulvaneyj4@squarespace.com,Female
690,Barnie,MacPaik,bmacpaikj5@indiatimes.com,Male
691,Tonie,Leynton,tleyntonj6@vinaora.com,Female
692,Daron,Durdan,ddurdanj7@twitter.com,Female
693,Casey,Tivenan,ctivenanj8@unblog.fr,Male
694,Tuckie,Fakeley,tfakeleyj9@miibeian.gov.cn,Male
695,Kaye,Theyer,ktheyerja@acquirethisname.com,Female
696,Lothario,Ganing,lganingjb@is.gd,Male
697,Sargent,Harmstone,sharmstonejc@sogou.com,Genderqueer
698,Borg,Walhedd,bwalheddjd@nyu.edu,Genderfluid
699,Row,Tomasino,rtomasinoje@constantcontact.com,Female
700,Ernst,Emmens,eemmensjf@phpbb.com,Male
701,Marve,Scown,mscownjg@toplist.cz,Male
702,Roslyn,Sercombe,rsercombejh@dagondesign.com,Female
703,Sibylle,Gillbard,sgillbardji@discovery.com,Female
704,Ida,Wevell,iwevelljj@netlog.com,Female
705,Anastasia,Tortoishell,atortoishelljk@phpbb.com,Female
706,Benedicto,Whitbread,bwhitbreadjl@spotify.com,Male
707,Yoshi,Valentim,yvalentimjm@goodreads.com,Female
708,Meridith,Stirling,mstirlingjn@noaa.gov,Female
709,Alon,Stag,astagjo@admin.ch,Non-binary
710,Kain,Sproul,ksprouljp@histats.com,Agender
711,Morgen,Pundy,mpundyjq@prweb.com,Female
712,Rowe,Morrell,rmorrelljr@google.cn,Female
713,Kiley,Demchen,kdemchenjs@taobao.com,Female
714,Robin,Blest,rblestjt@ifeng.com,Female
715,Toinette,Paulusch,tpauluschju@imageshack.us,Female
716,Elita,Saunper,esaunperjv@myspace.com,Female
717,Archibaldo,Maudlin,amaudlinjw@rambler.ru,Male
718,Zechariah,Thorburn,zthorburnjx@live.com,Male
719,Tallie,Yeend,tyeendjy@yahoo.com,Genderqueer
720,Isidore,Spiers,ispiersjz@army.mil,Male
721,Urbano,Flintoffe,uflintoffek0@yandex.ru,Male
722,Guillaume,Calvey,gcalveyk1@washingtonpost.com,Male
723,Levin,Reford,lrefordk2@ask.com,Male
724,Stevena,Braid,sbraidk3@boston.com,Non-binary
725,Trix,McGaughie,tmcgaughiek4@wisc.edu,Female
726,Donetta,Flockhart,dflockhartk5@chicagotribune.com,Female
727,Cristina,Hendricks,chendricksk6@theguardian.com,Female
728,Alejoa,Shee,asheek7@eventbrite.com,Male
729,Herbert,Missington,hmissingtonk8@sciencedirect.com,Male
730,Uriel,Rossbrooke,urossbrookek9@a8.net,Male
731,Kynthia,Egell,kegellka@mtv.com,Female
732,Tedda,People,tpeoplekb@list-manage.com,Female
733,Booth,Daglish,bdaglishkc@angelfire.com,Male
734,Waite,Everard,weverardkd@furl.net,Male
735,Ulises,Fraser,ufraserke@noaa.gov,Male
736,Saleem,Orrick,sorrickkf@wordpress.com,Male
737,Dewie,Bruyntjes,dbruyntjeskg@statcounter.com,Male
738,Nikolas,Basini-Gazzi,nbasinigazzikh@jiathis.com,Male
739,Gretta,Mc Giffin,gmcgiffinki@marketwatch.com,Female
740,Simeon,Jolly,sjollykj@dagondesign.com,Male
741,Rhys,Ventura,rventurakk@odnoklassniki.ru,Male
742,Antons,Djurkovic,adjurkovickl@vkontakte.ru,Male
743,Tabby,Darch,tdarchkm@cyberchimps.com,Male
744,Ruttger,Sturges,rsturgeskn@studiopress.com,Male
745,Buck,Prene,bpreneko@bravesites.com,Male
746,Tamarra,Urwin,turwinkp@icio.us,Female
747,Guthrey,Wild,gwildkq@cmu.edu,Male
748,Welsh,Batchelder,wbatchelderkr@macromedia.com,Male
749,Lynette,Kavanagh,lkavanaghks@amazonaws.com,Female
750,Jenda,Testin,jtestinkt@shareasale.com,Female
751,Tania,Ludman,tludmanku@friendfeed.com,Female
752,Clo,Barstow,cbarstowkv@youtube.com,Female
753,Berry,McChesney,bmcchesneykw@sciencedaily.com,Female
754,Colas,Linnard,clinnardkx@sitemeter.com,Male
755,Lita,Deacock,ldeacockky@instagram.com,Female
756,Nathaniel,Lias,nliaskz@wp.com,Male
757,Marlie,Straw,mstrawl0@hexun.com,Female
758,Delmar,Valde,dvaldel1@prlog.org,Male
759,Ariadne,Zoanetti,azoanettil2@google.co.jp,Female
760,Coleen,Bramelt,cbrameltl3@reuters.com,Female
761,Barnaby,Sustin,bsustinl4@oracle.com,Male
762,Erastus,Meak,emeakl5@washington.edu,Male
763,Laurent,Blakebrough,lblakebroughl6@guardian.co.uk,Male
764,Sax,Bortolotti,sbortolottil7@wufoo.com,Male
765,Saunders,Potier,spotierl8@wikimedia.org,Male
766,Garner,Headey,gheadeyl9@blogger.com,Male
767,Jacklyn,Kobus,jkobusla@pinterest.com,Female
768,Yolane,Melwall,ymelwalllb@yellowpages.com,Female
769,Gayleen,Le Jean,glejeanlc@fotki.com,Female
770,Hillary,Sixsmith,hsixsmithld@vkontakte.ru,Male
771,Melloney,Tibald,mtibaldle@bluehost.com,Polygender
772,Sukey,La Grange,slagrangelf@xinhuanet.com,Bigender
773,Bobinette,Heersma,bheersmalg@quantcast.com,Female
774,Meredith,Houseman,mhousemanlh@paginegialle.it,Male
775,Bartlett,Hyam,bhyamli@forbes.com,Male
776,Diannne,Cunnow,dcunnowlj@blogger.com,Female
777,Becka,Quipp,bquipplk@dailymail.co.uk,Female
778,Mureil,Trinder,mtrinderll@w3.org,Female
779,Barnaby,Beuscher,bbeuscherlm@europa.eu,Male
780,Chicky,Reeders,creedersln@yellowpages.com,Female
781,Adella,Von Hindenburg,avonhindenburglo@alibaba.com,Female
782,Tandie,Kordas,tkordaslp@t.co,Female
783,Ezequiel,Clemensen,eclemensenlq@friendfeed.com,Male
784,Karena,Spikeings,kspikeingslr@photobucket.com,Agender
785,Letty,Littlepage,llittlepagels@jiathis.com,Female
786,Odella,Glading,ogladinglt@infoseek.co.jp,Female
787,Tully,Jedrych,tjedrychlu@lycos.com,Male
788,Griffie,Ryburn,gryburnlv@prnewswire.com,Male
789,Heidi,Assel,hassellw@altervista.org,Female
790,Nariko,McMakin,nmcmakinlx@netlog.com,Female
791,Mathian,Dillway,mdillwayly@chronoengine.com,Male
792,Dunstan,Pamphilon,dpamphilonlz@discuz.net,Male
793,Armando,MacEllen,amacellenm0@jigsy.com,Male
794,Rhona,McHardy,rmchardym1@blogger.com,Female
795,Andree,Gullefant,agullefantm2@sphinn.com,Female
796,Kip,Jagg,kjaggm3@princeton.edu,Female
797,Koressa,Malins,kmalinsm4@unicef.org,Female
798,Yancy,Sigfrid,ysigfridm5@netscape.com,Polygender
799,Prentice,Tudbald,ptudbaldm6@va.gov,Male
800,Cirilo,Salasar,csalasarm7@blinklist.com,Male
801,Yance,Rookledge,yrookledgem8@fda.gov,Genderqueer
802,Jamey,Ashborne,jashbornem9@icio.us,Male
803,Benny,Websdale,bwebsdalema@cdc.gov,Female
804,Janifer,Beviss,jbevissmb@linkedin.com,Female
805,Sally,Richardes,srichardesmc@nature.com,Female
806,Chuck,Spurdle,cspurdlemd@boston.com,Male
807,Carlen,Hinstridge,chinstridgeme@gravatar.com,Female
808,Ariana,Jurs,ajursmf@apache.org,Female
809,Zorana,Skeffington,zskeffingtonmg@paginegialle.it,Female
810,Sabra,Jales,sjalesmh@bing.com,Female
811,Sosanna,Quince,squincemi@ning.com,Female
812,Ynez,Caudrelier,ycaudreliermj@uol.com.br,Female
813,Cobby,Alvar,calvarmk@51.la,Male
814,Mychal,Stedall,mstedallml@blinklist.com,Male
815,Ede,Fosher,efoshermm@google.fr,Female
816,Lilah,Osgorby,losgorbymn@rediff.com,Female
817,Ira,Chattington,ichattingtonmo@blogger.com,Male
818,Shermie,Mackie,smackiemp@washington.edu,Male
819,Anneliese,Adamovitch,aadamovitchmq@tiny.cc,Female
820,Phil,Hallibone,phallibonemr@bravesites.com,Male
821,Eldon,Rarity,erarityms@abc.net.au,Male
822,Mickie,Bartelli,mbartellimt@dailymail.co.uk,Male
823,Rosalynd,Manston,rmanstonmu@merriam-webster.com,Female
824,Silvain,Pinches,spinchesmv@house.gov,Male
825,Ax,Hodgins,ahodginsmw@mozilla.org,Male
826,Cortie,Vondrys,cvondrysmx@freewebs.com,Male
827,Douglas,Girdwood,dgirdwoodmy@hugedomains.com,Male
828,Stanwood,Rouchy,srouchymz@newsvine.com,Male
829,Brnaby,Benion,bbenionn0@sphinn.com,Male
830,Cleve,Olenchikov,colenchikovn1@sina.com.cn,Male
831,Retha,Sokell,rsokelln2@123-reg.co.uk,Female
832,Anthea,MacNeilley,amacneilleyn3@chicagotribune.com,Female
833,Lacee,Cartwright,lcartwrightn4@walmart.com,Female
834,Clevie,Flatley,cflatleyn5@alexa.com,Male
835,Pietro,Grigg,pgriggn6@joomla.org,Male
836,Allys,Gepson,agepsonn7@washington.edu,Female
837,Wilhelm,McGuffog,wmcguffogn8@craigslist.org,Male
838,Vincent,Leather,vleathern9@fda.gov,Male
839,Bard,Spacie,bspaciena@ycombinator.com,Male
840,Francine,Silverman,fsilvermannb@apache.org,Genderfluid
841,Ashley,Palke,apalkenc@youtube.com,Female
842,Calli,Doale,cdoalend@xinhuanet.com,Female
843,Gill,Dragonette,gdragonettene@list-manage.com,Female
844,Gennie,Dioniso,gdionisonf@senate.gov,Female
845,Annissa,Lambkin,alambkinng@soup.io,Female
846,Ced,Parkhouse,cparkhousenh@163.com,Male
847,Daryn,Kibard,dkibardni@ihg.com,Female
848,Aurelia,Lowndes,alowndesnj@opensource.org,Female
849,Bondon,Grills,bgrillsnk@slate.com,Male
850,Hilde,Vettore,hvettorenl@networksolutions.com,Female
851,Melany,Biles,mbilesnm@goodreads.com,Bigender
852,Ilise,Salomon,isalomonnn@imdb.com,Female
853,Felicle,Dewsbury,fdewsburyno@cbslocal.com,Female
854,Zitella,Tagg,ztaggnp@delicious.com,Female
855,Barbabra,Littleproud,blittleproudnq@addtoany.com,Female
856,Hamel,Hiskey,hhiskeynr@rambler.ru,Male
857,Jarrid,Sanzio,jsanzions@google.com.hk,Male
858,Maribel,Heinecke,mheineckent@sakura.ne.jp,Female
859,Jermayne,Spedroni,jspedroninu@reddit.com,Male
860,Bertram,Orcott,borcottnv@boston.com,Male
861,Bren,Pilbeam,bpilbeamnw@myspace.com,Male
862,Eachelle,Lead,eleadnx@forbes.com,Female
863,Hermina,Govini,hgovininy@t-online.de,Female
864,Harbert,Gerg,hgergnz@msn.com,Genderfluid
865,Dorisa,Chad,dchado0@dailymotion.com,Genderqueer
866,Kerby,Pearne,kpearneo1@admin.ch,Male
867,Averill,Babonau,ababonauo2@mediafire.com,Male
868,Trever,Tembey,ttembeyo3@free.fr,Male
869,Bernete,Bosquet,bbosqueto4@adobe.com,Female
870,Ramsey,Yellowlee,ryellowleeo5@zimbio.com,Male
871,Rhody,Patillo,rpatilloo6@trellian.com,Female
872,Rachelle,Duding,rdudingo7@earthlink.net,Female
873,Fabio,Von Welldun,fvonwellduno8@miitbeian.gov.cn,Male
874,Adriaens,Crawley,acrawleyo9@cornell.edu,Female
875,Skell,Dann,sdannoa@bandcamp.com,Male
876,Wood,Drain,wdrainob@bravesites.com,Male
877,Randie,Pownall,rpownalloc@hostgator.com,Female
878,Ardenia,Pyke,apykeod@t.co,Female
879,Jeralee,Ibberson,jibbersonoe@people.com.cn,Female
880,Poppy,Furphy,pfurphyof@jimdo.com,Female
881,Alethea,Gecke,ageckeog@over-blog.com,Female
882,Izaak,Bunford,ibunfordoh@foxnews.com,Male
883,Dare,Muldowney,dmuldowneyoi@infoseek.co.jp,Male
884,Vidovik,Brockbank,vbrockbankoj@sciencedaily.com,Male
885,Nataline,Manketell,nmanketellok@blogtalkradio.com,Female
886,Hilliard,Jeves,hjevesol@buzzfeed.com,Male
887,Brinna,Trobey,btrobeyom@networksolutions.com,Female
888,Maitilde,Scritch,mscritchon@gov.uk,Female
889,Porty,Gyurko,pgyurkooo@goo.ne.jp,Male
890,Jaime,Levet,jlevetop@washingtonpost.com,Female
891,Daphne,Bour,dbouroq@icq.com,Female
892,Esme,Hatley,ehatleyor@photobucket.com,Female
893,Vite,Ullyatt,vullyattos@si.edu,Male
894,Cora,Smedmoor,csmedmoorot@diigo.com,Female
895,Obidiah,Braybrooks,obraybrooksou@adobe.com,Male
896,Alison,Chiene,achieneov@google.co.jp,Female
897,Annemarie,Cuzen,acuzenow@infoseek.co.jp,Genderqueer
898,Nicoli,Garz,ngarzox@hubpages.com,Female
899,Patricia,Dax,pdaxoy@oaic.gov.au,Female
900,Dare,Yeudall,dyeudalloz@epa.gov,Male
901,Caye,Crippell,ccrippellp0@surveymonkey.com,Female
902,Adda,De Bruyne,adebruynep1@theglobeandmail.com,Female
903,Kayley,Trippitt,ktrippittp2@wix.com,Female
904,Lucina,Yakunkin,lyakunkinp3@latimes.com,Female
905,Sven,O'Neal,sonealp4@meetup.com,Male
906,Maje,Hanham,mhanhamp5@chicagotribune.com,Male
907,Theresita,Hanratty,thanrattyp6@usda.gov,Female
908,Reggie,Grint,rgrintp7@discuz.net,Female
909,Irita,Smitheman,ismithemanp8@mapquest.com,Female
910,Pammie,Le Bosse,plebossep9@yahoo.co.jp,Female
911,Kittie,Chappell,kchappellpa@latimes.com,Female
912,Carlota,Wilkie,cwilkiepb@ucla.edu,Female
913,Judith,Whitford,jwhitfordpc@google.pl,Female
914,Emmeline,Whatham,ewhathampd@macromedia.com,Female
915,Nicoli,Anders,nanderspe@facebook.com,Female
916,Karney,Batchelder,kbatchelderpf@amazon.com,Male
917,Garrek,Dudbridge,gdudbridgepg@squarespace.com,Male
918,Shirleen,Riggoll,sriggollph@angelfire.com,Female
919,Jackqueline,Dene,jdenepi@walmart.com,Polygender
920,Ginger,Oguz,goguzpj@pbs.org,Male
921,Myrwyn,Meany,mmeanypk@netvibes.com,Male
922,Olive,Treharne,otreharnepl@ucla.edu,Female
923,Normand,Targett,ntargettpm@joomla.org,Male
924,Julina,Pyper,jpyperpn@bizjournals.com,Bigender
925,Wittie,Dore,wdorepo@bizjournals.com,Male
926,Katrinka,Haysham,khayshampp@facebook.com,Female
927,Viva,Wofenden,vwofendenpq@sciencedirect.com,Bigender
928,Wilt,Derham,wderhampr@plala.or.jp,Male
929,Chelsie,McGavigan,cmcgaviganps@unesco.org,Female
930,Jae,Trighton,jtrightonpt@mac.com,Male
931,Clemmie,Moohan,cmoohanpu@a8.net,Female
932,Alayne,Crossland,acrosslandpv@weebly.com,Female
933,Aline,Tubble,atubblepw@microsoft.com,Female
934,Ginevra,Phippen,gphippenpx@cbsnews.com,Female
935,Wade,Artrick,wartrickpy@simplemachines.org,Male
936,Auberon,Evers,aeverspz@ovh.net,Male
937,Evered,Pentony,epentonyq0@tinyurl.com,Male
938,Kali,Mackiewicz,kmackiewiczq1@prlog.org,Female
939,Coop,Dacey,cdaceyq2@unicef.org,Male
940,Loreen,Jordi,ljordiq3@theatlantic.com,Female
941,Ardyth,Braddock,abraddockq4@multiply.com,Genderfluid
942,Rodger,Victor,rvictorq5@storify.com,Male
943,Fionnula,Beddie,fbeddieq6@cnet.com,Female
944,Kamila,Cawkwell,kcawkwellq7@go.com,Female
945,Thatcher,Crann,tcrannq8@free.fr,Male
946,Hank,MacDonald,hmacdonaldq9@cocolog-nifty.com,Male
947,Zach,Blatherwick,zblatherwickqa@godaddy.com,Polygender
948,Darby,Stellman,dstellmanqb@google.com.au,Male
949,Malcolm,Hallitt,mhallittqc@oakley.com,Male
950,Arnaldo,Olufsen,aolufsenqd@google.ca,Male
951,Carlotta,Glaysher,cglaysherqe@yolasite.com,Female
952,Benjy,Brophy,bbrophyqf@sohu.com,Male
953,Sherrie,Wessel,swesselqg@ucla.edu,Female
954,Raffarty,Cumber,rcumberqh@icq.com,Male
955,Kenny,O'Shavlan,koshavlanqi@vistaprint.com,Male
956,Celle,Lindmark,clindmarkqj@pbs.org,Female
957,Genni,Bambra,gbambraqk@statcounter.com,Female
958,Jaynell,Kopfer,jkopferql@cbc.ca,Female
959,Marty,Click,mclickqm@abc.net.au,Female
960,Rubi,Petrasso,rpetrassoqn@joomla.org,Female
961,Linus,Zavattari,lzavattariqo@vimeo.com,Male
962,Jerrie,O'Donnelly,jodonnellyqp@purevolume.com,Female
963,Cly,Busch,cbuschqq@google.ca,Male
964,Trip,Filyukov,tfilyukovqr@google.co.jp,Male
965,Freddy,FitzGeorge,ffitzgeorgeqs@boston.com,Female
966,Zack,Kobke,zkobkeqt@tiny.cc,Male
967,Diarmid,Reynolds,dreynoldsqu@instagram.com,Male
968,Fleming,Nunes Nabarro,fnunesnabarroqv@twitpic.com,Male
969,Jennie,Shand,jshandqw@salon.com,Female
970,Kata,D'Onise,kdoniseqx@dyndns.org,Female
971,Bellina,Alesbrook,balesbrookqy@fema.gov,Female
972,Lorain,Oyley,loyleyqz@printfriendly.com,Female
973,Daniel,Counihan,dcounihanr0@dailymail.co.uk,Male
974,Olwen,Backsal,obacksalr1@google.pl,Female
975,Gian,Aisbett,gaisbettr2@blogs.com,Male
976,Kayley,Clingoe,kclingoer3@vinaora.com,Non-binary
977,Cathee,Minogue,cminoguer4@tamu.edu,Female
978,Marquita,Cleator,mcleatorr5@dion.ne.jp,Female
979,Ivan,Lotze,ilotzer6@sohu.com,Male
980,Nial,Mealham,nmealhamr7@bloglovin.com,Male
981,Nannie,Seligson,nseligsonr8@deliciousdays.com,Female
982,Carree,Durrell,cdurrellr9@bloglines.com,Female
983,Solly,Freear,sfreearra@fc2.com,Male
984,Lelah,Fernyhough,lfernyhoughrb@pen.io,Female
985,Bart,Amar,bamarrc@mit.edu,Male
986,Magdalen,Royce,mroycerd@marketwatch.com,Polygender
987,Jordan,Gloucester,jgloucesterre@feedburner.com,Male
988,Shepard,Sweetenham,ssweetenhamrf@over-blog.com,Male
989,Brooke,Budgett,bbudgettrg@senate.gov,Male
990,Irvin,De Pero,ideperorh@sphinn.com,Male
991,Grayce,Forward,gforwardri@opera.com,Female
992,Wendell,Unstead,wunsteadrj@examiner.com,Male
993,Rorie,Biaggioni,rbiaggionirk@php.net,Female
994,Pammy,Juszkiewicz,pjuszkiewiczrl@amazonaws.com,Female
995,Vitoria,Asling,vaslingrm@vkontakte.ru,Female
996,Rosalind,Lydster,rlydsterrn@lycos.com,Female
997,Jackie,Brownhill,jbrownhillro@seesaa.net,Female
998,Jolee,Denman,jdenmanrp@amazonaws.com,Female
999,Philipa,Chedgey,pchedgeyrq@tripadvisor.com,Female
1000,Annamaria,Fayne,afaynerr@zimbio.com,Female
